{
  "test/mockServer.html": 1616163643258,
  "test/initMockServer.js": 1616163643254,
  "test/unit/model/models.js": 1616163643262,
  "test/unit/model/formatter.js": 1616163643258,
  "test/unit/controller/ListSelector.js": 1616163643258,
  "test/integration/pages/NotFound.js": 1616163643258,
  "test/integration/pages/Master.js": 1616163643258,
  "test/integration/pages/Detail.js": 1616163643258,
  "test/integration/pages/Common.js": 1616163643258,
  "test/integration/pages/Browser.js": 1616163643258,
  "test/integration/pages/App.js": 1616163643258,
  "test/integration/arrangements/Startup.js": 1616163643254,
  "test/integration/arrangements/FLP.js": 1616163643254,
  "test/unit/unitTests.qunit.js": 1616163643262,
  "test/unit/AllTests.js": 1616163643258,
  "test/integration/opaTestsPhone.qunit.js": 1616163643258,
  "test/integration/opaTests.qunit.js": 1616163643258,
  "test/integration/PhoneJourneys.js": 1616163643254,
  "test/integration/NotFoundJourneyPhone.js": 1616163643254,
  "test/integration/NotFoundJourney.js": 1616163643254,
  "test/integration/NavigationJourneyPhone.js": 1616163643254,
  "test/integration/NavigationJourney.js": 1616163643254,
  "test/integration/MasterJourney.js": 1616163643254,
  "test/integration/FLPIntegrationJourney.js": 1616163643254,
  "test/integration/BusyJourneyPhone.js": 1616163643254,
  "test/integration/BusyJourney.js": 1616163643254,
  "test/integration/AllJourneys.js": 1616163643254,
  "test/testsuite.qunit.js": 1616163643258,
  "manifest.json": 1617037912594,
  "test/initFlpSandboxMockServer.js": 1616163643254,
  "test/initFlpSandbox.js": 1616163643254,
  "test/flpSandbox.js": 1616163643254,
  "model/models.js": 1616163643254,
  "model/formatter.js": 1617038845723,
  "localService/mockserver.js": 1616163643250,
  "controller/NotFound.controller.js": 1616163643250,
  "controller/Master.controller.js": 1617037912602,
  "controller/ListSelector.js": 1616163643250,
  "controller/ErrorHandler.js": 1616163643250,
  "controller/DetailObjectNotFound.js": 1616163643250,
  "controller/DetailObjectNotFound.controller.js": 1616163643250,
  "controller/Detail.controller.js": 1616879169370,
  "controller/BaseController.js": 1616163643250,
  "controller/App.controller.js": 1616163643250,
  "controller/AddSalesOrder.controller.js": 1617044267144,
  "Component.js": 1617209474892,
  "manifest-bundle.zip": 1617225193318,
  "Component-preload.js": 1617225193741,
  "test/integration/NotFoundJourney-dbg.js": 1616163643254,
  "test/unit/model/formatter-dbg.js": 1616163643258,
  "test/unit/controller/ListSelector-dbg.js": 1616163643258,
  "test/integration/pages/NotFound-dbg.js": 1616163643258,
  "test/integration/pages/Master-dbg.js": 1616163643258,
  "test/integration/pages/Detail-dbg.js": 1616163643258,
  "test/integration/pages/Common-dbg.js": 1616163643258,
  "test/integration/pages/Browser-dbg.js": 1616163643258,
  "test/integration/pages/App-dbg.js": 1616163643258,
  "test/integration/arrangements/Startup-dbg.js": 1616163643254,
  "test/integration/arrangements/FLP-dbg.js": 1616163643254,
  "test/unit/unitTests.qunit-dbg.js": 1616163643262,
  "test/unit/AllTests-dbg.js": 1616163643258,
  "test/integration/opaTestsPhone.qunit-dbg.js": 1616163643258,
  "test/integration/opaTests.qunit-dbg.js": 1616163643258,
  "test/integration/PhoneJourneys-dbg.js": 1616163643254,
  "test/integration/NotFoundJourneyPhone-dbg.js": 1616163643254,
  "test/unit/model/models-dbg.js": 1616163643262,
  "test/integration/NavigationJourneyPhone-dbg.js": 1616163643254,
  "test/integration/NavigationJourney-dbg.js": 1616163643254,
  "test/integration/MasterJourney-dbg.js": 1616163643254,
  "test/integration/FLPIntegrationJourney-dbg.js": 1616163643254,
  "test/integration/BusyJourneyPhone-dbg.js": 1616163643254,
  "test/integration/BusyJourney-dbg.js": 1616163643254,
  "test/integration/AllJourneys-dbg.js": 1616163643254,
  "test/testsuite.qunit-dbg.js": 1616163643258,
  "test/initMockServer-dbg.js": 1616163643254,
  "test/initFlpSandboxMockServer-dbg.js": 1616163643254,
  "test/initFlpSandbox-dbg.js": 1616163643254,
  "test/flpSandbox-dbg.js": 1616163643254,
  "model/models-dbg.js": 1616163643254,
  "model/formatter-dbg.js": 1617038845723,
  "localService/mockserver-dbg.js": 1616163643250,
  "controller/NotFound-dbg.controller.js": 1616163643250,
  "controller/Master-dbg.controller.js": 1617037912602,
  "controller/ListSelector-dbg.js": 1616163643250,
  "controller/ErrorHandler-dbg.js": 1616163643250,
  "controller/DetailObjectNotFound-dbg.js": 1616163643250,
  "controller/DetailObjectNotFound-dbg.controller.js": 1616163643250,
  "controller/Detail-dbg.controller.js": 1616879169370,
  "controller/BaseController-dbg.js": 1616163643250,
  "controller/App-dbg.controller.js": 1616163643250,
  "controller/AddSalesOrder-dbg.controller.js": 1617044267144,
  "Component-dbg.js": 1617209474892,
  "test/unit/unitTests.qunit.html": 1616163643262,
  "test/integration/opaTestsPhone.qunit.html": 1616163643258,
  "test/integration/opaTests.qunit.html": 1616163643254,
  "view/ViewSettingsDialog.fragment.xml": 1616163643262,
  "view/NotFound.view.xml": 1616163643262,
  "view/Master.view.xml": 1617037912606,
  "view/DetailObjectNotFound.view.xml": 1616163643262,
  "view/Detail.view.xml": 1617210829733,
  "view/App.view.xml": 1616452340937,
  "view/AddSalesOrder.view.xml": 1617209474884,
  "test/testsuite.qunit.html": 1616163643258,
  "i18n/i18n.properties": 1617209474884,
  "test/flpSandboxMockServer.html": 1616163643254,
  "test/flpSandbox.html": 1616163643254,
  "localService/metadata.xml": 1617210829733,
  "test.html": 1616163643262,
  "index.html": 1616452340905
}