<?xml version="1.0" encoding="utf-8"?>
<edmx:Edmx Version="1.0" xmlns:edmx="http://schemas.microsoft.com/ado/2007/06/edmx" xmlns:m="http://schemas.microsoft.com/ado/2007/08/dataservices/metadata" xmlns:sap="http://www.sap.com/Protocols/SAPData">
    <edmx:DataServices m:DataServiceVersion="2.0">
        <Schema Namespace="ZEPM_SO_SRV" xml:lang="en" sap:schema-version="1" xmlns="http://schemas.microsoft.com/ado/2008/09/edm">
            <EntityType Name="SOHeader" sap:content-version="1">
                <Key>
                    <PropertyRef Name="SoId"/>
                </Key>
                <Property Name="SoId" Type="Edm.String" Nullable="false" MaxLength="10" sap:unicode="false" sap:label="Sales Order ID" sap:creatable="false" sap:updatable="false" sap:sortable="false" sap:filterable="false"/>
                <Property Name="CreatedBy" Type="Edm.String" Nullable="false" MaxLength="10" sap:unicode="false" sap:label="Ident" sap:creatable="false" sap:updatable="false" sap:sortable="false" sap:filterable="false"/>
                <Property Name="CreatedAtDats" Type="Edm.DateTime" Nullable="false" Precision="7" sap:unicode="false" sap:label="Date" sap:creatable="false" sap:updatable="false" sap:sortable="false" sap:filterable="false"/>
                <Property Name="ChangedBy" Type="Edm.String" Nullable="false" MaxLength="10" sap:unicode="false" sap:label="Ident" sap:creatable="false" sap:updatable="false" sap:sortable="false" sap:filterable="false"/>
                <Property Name="ChangedAtDats" Type="Edm.DateTime" Nullable="false" Precision="7" sap:unicode="false" sap:label="Date" sap:creatable="false" sap:updatable="false" sap:sortable="false" sap:filterable="false"/>
                <Property Name="CreatedByBp" Type="Edm.Boolean" Nullable="false" sap:unicode="false" sap:label="Value" sap:creatable="false" sap:updatable="false" sap:sortable="false" sap:filterable="false"/>
                <Property Name="BuyerId" Type="Edm.String" Nullable="false" MaxLength="10" sap:unicode="false" sap:label="Business Partner ID" sap:creatable="false" sap:updatable="false" sap:sortable="false" sap:filterable="false"/>
                <Property Name="BuyerName" Type="Edm.String" Nullable="false" MaxLength="80" sap:unicode="false" sap:label="Company" sap:creatable="false" sap:updatable="false" sap:sortable="false" sap:filterable="false"/>
                <Property Name="CurrencyCode" Type="Edm.String" Nullable="false" MaxLength="5" sap:unicode="false" sap:label="Currency Code" sap:creatable="false" sap:updatable="false" sap:sortable="false" sap:filterable="false" sap:semantics="currency-code"/>
                <Property Name="GrossAmount" Type="Edm.Decimal" Nullable="false" Precision="16" Scale="3" sap:unicode="false" sap:unit="CurrencyCode" sap:label="Gross Amount" sap:creatable="false" sap:updatable="false" sap:sortable="false" sap:filterable="false"/>
                <Property Name="NetAmount" Type="Edm.Decimal" Nullable="false" Precision="16" Scale="3" sap:unicode="false" sap:unit="CurrencyCode" sap:label="Net Amount" sap:creatable="false" sap:updatable="false" sap:sortable="false" sap:filterable="false"/>
                <Property Name="TaxAmount" Type="Edm.Decimal" Nullable="false" Precision="16" Scale="3" sap:unicode="false" sap:unit="CurrencyCode" sap:label="Tax Amount" sap:creatable="false" sap:updatable="false" sap:sortable="false" sap:filterable="false"/>
                <Property Name="LifecycleStatus" Type="Edm.String" Nullable="false" MaxLength="1" sap:unicode="false" sap:label="Lifecycle Status" sap:creatable="false" sap:updatable="false" sap:sortable="false" sap:filterable="false"/>
                <Property Name="BillingStatus" Type="Edm.String" Nullable="false" MaxLength="1" sap:unicode="false" sap:label="Confirmation Status" sap:creatable="false" sap:updatable="false" sap:sortable="false" sap:filterable="false"/>
                <Property Name="DeliveryStatus" Type="Edm.String" Nullable="false" MaxLength="1" sap:unicode="false" sap:label="Ordering Status" sap:creatable="false" sap:updatable="false" sap:sortable="false" sap:filterable="false"/>
                <NavigationProperty Name="ToItems" Relationship="ZEPM_SO_SRV.SOHeader_to_SOItem" FromRole="FromRole_SOHeader_to_SOItem" ToRole="ToRole_SOHeader_to_SOItem"/>
            </EntityType>
            <EntityType Name="SOItem" sap:content-version="1">
                <Key>
                    <PropertyRef Name="SoId"/>
                    <PropertyRef Name="SoItemPos"/>
                </Key>
                <Property Name="SoId" Type="Edm.String" Nullable="false" MaxLength="10" sap:unicode="false" sap:label="Sales Order ID" sap:creatable="false" sap:updatable="false" sap:sortable="false" sap:filterable="false"/>
                <Property Name="SoItemPos" Type="Edm.String" Nullable="false" MaxLength="10" sap:unicode="false" sap:label="Item Position" sap:creatable="false" sap:updatable="false" sap:sortable="false" sap:filterable="false"/>
                <Property Name="ProductId" Type="Edm.String" Nullable="false" MaxLength="10" sap:unicode="false" sap:label="Product ID" sap:creatable="false" sap:updatable="false" sap:sortable="false" sap:filterable="false"/>
                <Property Name="Note" Type="Edm.String" Nullable="false" MaxLength="255" sap:unicode="false" sap:label="Description" sap:creatable="false" sap:updatable="false" sap:sortable="false" sap:filterable="false"/>
                <Property Name="CurrencyCode" Type="Edm.String" Nullable="false" MaxLength="5" sap:unicode="false" sap:label="Currency Code" sap:creatable="false" sap:updatable="false" sap:sortable="false" sap:filterable="false" sap:semantics="currency-code"/>
                <Property Name="GrossAmount" Type="Edm.Decimal" Nullable="false" Precision="16" Scale="3" sap:unicode="false" sap:label="Gross Amount" sap:creatable="false" sap:updatable="false" sap:sortable="false" sap:filterable="false"/>
                <Property Name="NetAmount" Type="Edm.Decimal" Nullable="false" Precision="16" Scale="3" sap:unicode="false" sap:label="Net Amount" sap:creatable="false" sap:updatable="false" sap:sortable="false" sap:filterable="false"/>
                <Property Name="TaxAmount" Type="Edm.Decimal" Nullable="false" Precision="16" Scale="3" sap:unicode="false" sap:label="Tax Amount" sap:creatable="false" sap:updatable="false" sap:sortable="false" sap:filterable="false"/>
                <Property Name="DeliveryDateDats" Type="Edm.DateTime" Precision="7" sap:unicode="false" sap:label="Date" sap:creatable="false" sap:updatable="false" sap:sortable="false" sap:filterable="false"/>
                <Property Name="Quantity" Type="Edm.Decimal" Nullable="false" Precision="13" Scale="3" sap:unicode="false" sap:label="Quantity" sap:creatable="false" sap:updatable="false" sap:sortable="false" sap:filterable="false"/>
                <Property Name="Name" Type="Edm.String" Nullable="false" MaxLength="255" sap:unicode="false" sap:label="Description" sap:creatable="false" sap:updatable="false" sap:sortable="false" sap:filterable="false"/>
            </EntityType>
            <EntityType Name="Product" sap:content-version="1">
                <Key>
                    <PropertyRef Name="ProductId"/>
                </Key>
                <Property Name="ProductId" Type="Edm.String" Nullable="false" MaxLength="10" sap:unicode="false" sap:label="Product ID" sap:creatable="false" sap:updatable="false" sap:sortable="false" sap:filterable="false"/>
                <Property Name="TypeCode" Type="Edm.String" Nullable="false" MaxLength="2" sap:unicode="false" sap:label="Type Code" sap:creatable="false" sap:updatable="false" sap:sortable="false" sap:filterable="false"/>
                <Property Name="Category" Type="Edm.String" Nullable="false" MaxLength="40" sap:unicode="false" sap:label="Category" sap:creatable="false" sap:updatable="false" sap:sortable="false" sap:filterable="false"/>
                <Property Name="Name" Type="Edm.String" Nullable="false" MaxLength="255" sap:unicode="false" sap:label="Description" sap:creatable="false" sap:updatable="false" sap:sortable="false" sap:filterable="false"/>
                <Property Name="Description" Type="Edm.String" Nullable="false" MaxLength="255" sap:unicode="false" sap:label="Description" sap:creatable="false" sap:updatable="false" sap:sortable="false" sap:filterable="false"/>
                <Property Name="SupplierId" Type="Edm.String" Nullable="false" MaxLength="10" sap:unicode="false" sap:label="Business Partner ID" sap:creatable="false" sap:updatable="false" sap:sortable="false" sap:filterable="false"/>
                <Property Name="SupplierName" Type="Edm.String" Nullable="false" MaxLength="80" sap:unicode="false" sap:label="Company" sap:creatable="false" sap:updatable="false" sap:sortable="false" sap:filterable="false"/>
                <Property Name="TaxTarifCode" Type="Edm.Byte" Nullable="false" sap:unicode="false" sap:label="Tax Tariff Code" sap:creatable="false" sap:updatable="false" sap:sortable="false" sap:filterable="false"/>
                <Property Name="MeasureUnit" Type="Edm.String" Nullable="false" MaxLength="3" sap:unicode="false" sap:label="Unit of Measure" sap:creatable="false" sap:updatable="false" sap:sortable="false" sap:filterable="false" sap:semantics="unit-of-measure"/>
                <Property Name="WeightMeasure" Type="Edm.Decimal" Nullable="false" Precision="13" Scale="3" sap:unicode="false" sap:unit="WeightUnit" sap:label="Weight" sap:creatable="false" sap:updatable="false" sap:sortable="false" sap:filterable="false"/>
                <Property Name="WeightUnit" Type="Edm.String" Nullable="false" MaxLength="3" sap:unicode="false" sap:label="Unit of Measure" sap:creatable="false" sap:updatable="false" sap:sortable="false" sap:filterable="false" sap:semantics="unit-of-measure"/>
                <Property Name="Price" Type="Edm.Decimal" Nullable="false" Precision="23" Scale="4" sap:unicode="false" sap:label="Price" sap:creatable="false" sap:updatable="false" sap:sortable="false" sap:filterable="false"/>
                <Property Name="CurrencyCode" Type="Edm.String" Nullable="false" MaxLength="5" sap:unicode="false" sap:label="Currency Code" sap:creatable="false" sap:updatable="false" sap:sortable="false" sap:filterable="false" sap:semantics="currency-code"/>
                <Property Name="Width" Type="Edm.Decimal" Nullable="false" Precision="13" Scale="3" sap:unicode="false" sap:unit="DimUnit" sap:label="Dimensions" sap:creatable="false" sap:updatable="false" sap:sortable="false" sap:filterable="false"/>
                <Property Name="Depth" Type="Edm.Decimal" Nullable="false" Precision="13" Scale="3" sap:unicode="false" sap:unit="DimUnit" sap:label="Dimensions" sap:creatable="false" sap:updatable="false" sap:sortable="false" sap:filterable="false"/>
                <Property Name="Height" Type="Edm.Decimal" Nullable="false" Precision="13" Scale="3" sap:unicode="false" sap:unit="DimUnit" sap:label="Dimensions" sap:creatable="false" sap:updatable="false" sap:sortable="false" sap:filterable="false"/>
                <Property Name="DimUnit" Type="Edm.String" Nullable="false" MaxLength="3" sap:unicode="false" sap:label="Dimension Unit" sap:creatable="false" sap:updatable="false" sap:sortable="false" sap:filterable="false" sap:semantics="unit-of-measure"/>
                <Property Name="ProductPicUrl" Type="Edm.String" Nullable="false" MaxLength="255" sap:unicode="false" sap:label="Image" sap:creatable="false" sap:updatable="false" sap:sortable="false" sap:filterable="false"/>
            </EntityType>
            <Association Name="SOHeader_to_SOItem" sap:content-version="1">
                <End Type="ZEPM_SO_SRV.SOHeader" Multiplicity="*" Role="FromRole_SOHeader_to_SOItem"/>
                <End Type="ZEPM_SO_SRV.SOItem" Multiplicity="*" Role="ToRole_SOHeader_to_SOItem"/>
                <ReferentialConstraint>
                    <Principal Role="FromRole_SOHeader_to_SOItem">
                        <PropertyRef Name="SoId"/>
                    </Principal>
                    <Dependent Role="ToRole_SOHeader_to_SOItem">
                        <PropertyRef Name="SoId"/>
                    </Dependent>
                </ReferentialConstraint>
            </Association>
            <EntityContainer Name="ZEPM_SO_SRV_Entities" m:IsDefaultEntityContainer="true" sap:supported-formats="atom json xlsx">
                <EntitySet Name="SOHeaderSet" EntityType="ZEPM_SO_SRV.SOHeader" sap:creatable="false" sap:updatable="false" sap:deletable="false" sap:pageable="false" sap:content-version="1"/>
                <EntitySet Name="SOItemSet" EntityType="ZEPM_SO_SRV.SOItem" sap:creatable="false" sap:updatable="false" sap:deletable="false" sap:pageable="false" sap:content-version="1"/>
                <EntitySet Name="ProductSet" EntityType="ZEPM_SO_SRV.Product" sap:creatable="false" sap:updatable="false" sap:deletable="false" sap:pageable="false" sap:content-version="1"/>
                <AssociationSet Name="SOHeader_to_SOItemSet" Association="ZEPM_SO_SRV.SOHeader_to_SOItem" sap:creatable="false" sap:updatable="false" sap:deletable="false" sap:content-version="1">
                    <End EntitySet="SOHeaderSet" Role="FromRole_SOHeader_to_SOItem"/>
                    <End EntitySet="SOItemSet" Role="ToRole_SOHeader_to_SOItem"/>
                </AssociationSet>
            </EntityContainer>
            <atom:link rel="self" href="http://mys4hana:6644/sap/opu/odata/sap/ZEPM_SO_SRV/$metadata" xmlns:atom="http://www.w3.org/2005/Atom"/>
            <atom:link rel="latest-version" href="http://mys4hana:6644/sap/opu/odata/sap/ZEPM_SO_SRV/$metadata" xmlns:atom="http://www.w3.org/2005/Atom"/>
        </Schema>
    </edmx:DataServices>
</edmx:Edmx>